策略,城市,城市拼音,城市标签,情景,Total_Person_Hours,Total_Population,Hours_Per_Resident
现状,北京市,bei3jing1shi4,Bei3jing1s,2020 Baseline,6240706.401166206,5900281.724590417,1.0576963427283501
扩容,北京市,bei3jing1shi4,Bei3jing1s,2040 RCP 2.6,12000442.974034658,5900281.724590418,2.033876267979
扩容,北京市,bei3jing1shi4,Bei3jing1s,2040 RCP 4.5,16779884.63574051,5900281.724590417,2.843912446723945
扩容,北京市,bei3jing1shi4,Bei3jing1s,2040 RCP 8.5,27188536.9313821,5900281.724590418,4.6080065665456775
扩容,北京市,bei3jing1shi4,Bei3jing1s,2060 RCP 2.6,36941630.90172031,5900281.724590417,6.260994411124446
扩容,北京市,bei3jing1shi4,Bei3jing1s,2060 RCP 4.5,41276160.8759262,5900281.724590417,6.9956254298673315
扩容,北京市,bei3jing1shi4,Bei3jing1s,2060 RCP 8.5,96964558.88244542,5900281.724590418,16.433886280095624
定容,北京市,bei3jing1shi4,Bei3jing1s,2040 RCP 2.6,12610251.822438339,5900281.724590418,2.1372287648372774
定容,北京市,bei3jing1shi4,Bei3jing1s,2040 RCP 4.5,22002850.725837704,5900281.724590417,3.7291186680353112
定容,北京市,bei3jing1shi4,Bei3jing1s,2040 RCP 8.5,28817179.663714353,5900281.724590417,4.884034527302977
定容,北京市,bei3jing1shi4,Bei3jing1s,2060 RCP 2.6,50038201.36269932,5900281.724590417,8.480646128159728
定容,北京市,bei3jing1shi4,Bei3jing1s,2060 RCP 4.5,46871358.575765885,5900281.724590417,7.943918742120671
定容,北京市,bei3jing1shi4,Bei3jing1s,2060 RCP 8.5,162000392.45886856,5900281.724590417,27.45638259673342
现状,上海市,shang4hai3shi4,Shang4hai3s,2020 Baseline,48270164.89642763,4875767.960493487,9.900012733900098
扩容,上海市,shang4hai3shi4,Shang4hai3s,2040 RCP 2.6,251202904.7250491,4875767.960493487,51.52068489732319
扩容,上海市,shang4hai3shi4,Shang4hai3s,2040 RCP 4.5,124441206.10833532,4875767.960493487,25.522380703231896
扩容,上海市,shang4hai3shi4,Shang4hai3s,2040 RCP 8.5,167219007.22682244,4875767.960493487,34.29593216529891
扩容,上海市,shang4hai3shi4,Shang4hai3s,2060 RCP 2.6,301335204.31634057,4875767.960493487,61.80261381549457
扩容,上海市,shang4hai3shi4,Shang4hai3s,2060 RCP 4.5,338011099.39546293,4875767.960493487,69.32468938928999
扩容,上海市,shang4hai3shi4,Shang4hai3s,2060 RCP 8.5,548669598.3561199,4875767.960493487,112.52988304648275
定容,上海市,shang4hai3shi4,Shang4hai3s,2040 RCP 2.6,284476637.26977426,4875767.960493487,58.34499089677388
定容,上海市,shang4hai3shi4,Shang4hai3s,2040 RCP 4.5,131137651.58159935,4875767.960493487,26.89579418958375
定容,上海市,shang4hai3shi4,Shang4hai3s,2040 RCP 8.5,179777609.07743096,4875767.960493487,36.87164986810309
定容,上海市,shang4hai3shi4,Shang4hai3s,2060 RCP 2.6,371871351.10632133,4875767.960493487,76.26928806281491
定容,上海市,shang4hai3shi4,Shang4hai3s,2060 RCP 4.5,437714015.6131574,4875767.960493487,89.77334835451344
定容,上海市,shang4hai3shi4,Shang4hai3s,2060 RCP 8.5,699174128.6019485,4875767.960493487,143.39774457420725
现状,广州市,guang3zhou1shi4,Guang3zhou1s,2020 Baseline,25167587.864898752,1488498.6822029115,16.908035032756526
扩容,广州市,guang3zhou1shi4,Guang3zhou1s,2040 RCP 2.6,74022142.65882272,1488498.6822029115,49.72939750895396
扩容,广州市,guang3zhou1shi4,Guang3zhou1s,2040 RCP 4.5,57181720.09318546,1488498.6822029115,38.415700851383406
扩容,广州市,guang3zhou1shi4,Guang3zhou1s,2040 RCP 8.5,59436313.39123303,1488498.6822029115,39.930376897122905
扩容,广州市,guang3zhou1shi4,Guang3zhou1s,2060 RCP 2.6,79530650.97178617,1488498.6822029115,53.43011177818738
扩容,广州市,guang3zhou1shi4,Guang3zhou1s,2060 RCP 4.5,93782960.82160889,1488498.6822029115,63.005068088346775
扩容,广州市,guang3zhou1shi4,Guang3zhou1s,2060 RCP 8.5,105205951.79596972,1488498.6822029115,70.67923744498694
定容,广州市,guang3zhou1shi4,Guang3zhou1s,2040 RCP 2.6,79922569.19465432,1488498.6822029115,53.6934094401565
定容,广州市,guang3zhou1shi4,Guang3zhou1s,2040 RCP 4.5,61766266.52293781,1488498.6822029115,41.49568102507588
定容,广州市,guang3zhou1shi4,Guang3zhou1s,2040 RCP 8.5,62213081.00389005,1488498.6822029115,41.79585897369924
定容,广州市,guang3zhou1shi4,Guang3zhou1s,2060 RCP 2.6,83717361.68954626,1488498.6822029115,56.242818815027974
定容,广州市,guang3zhou1shi4,Guang3zhou1s,2060 RCP 4.5,102845171.90426359,1488498.6822029115,69.09322334908441
定容,广州市,guang3zhou1shi4,Guang3zhou1s,2060 RCP 8.5,126129203.16401602,1488498.6822029115,84.73585141328472
现状,深圳市,shen1zhen4shi4,Shen1zhen4s,2020 Baseline,106735151.8030157,3237432.4254178964,32.96907480292443
扩容,深圳市,shen1zhen4shi4,Shen1zhen4s,2040 RCP 2.6,201689696.10937113,3237432.4254178964,62.29927597124641
扩容,深圳市,shen1zhen4shi4,Shen1zhen4s,2040 RCP 4.5,213555377.48574877,3237432.4254178964,65.96442780058412
扩容,深圳市,shen1zhen4shi4,Shen1zhen4s,2040 RCP 8.5,282860292.9279305,3237432.4254178964,87.37179831372639
扩容,深圳市,shen1zhen4shi4,Shen1zhen4s,2060 RCP 2.6,290119900.71564376,3237432.4254178964,89.61419501387564
扩容,深圳市,shen1zhen4shi4,Shen1zhen4s,2060 RCP 4.5,277466901.8566096,3237432.4254178964,85.70585124129454
扩容,深圳市,shen1zhen4shi4,Shen1zhen4s,2060 RCP 8.5,489086329.87776554,3237432.4254178964,151.07228989177526
定容,深圳市,shen1zhen4shi4,Shen1zhen4s,2040 RCP 2.6,203431165.0253613,3237432.4254178964,62.8371926555662
定容,深圳市,shen1zhen4shi4,Shen1zhen4s,2040 RCP 4.5,219037338.0238893,3237432.4254178964,67.65773280831193
定容,深圳市,shen1zhen4shi4,Shen1zhen4s,2040 RCP 8.5,258921272.30395612,3237432.4254178964,79.9773518888302
定容,深圳市,shen1zhen4shi4,Shen1zhen4s,2060 RCP 2.6,300322655.7685589,3237432.4254178964,92.7656909255156
定容,深圳市,shen1zhen4shi4,Shen1zhen4s,2060 RCP 4.5,300799617.2425445,3237432.4254178964,92.91301800800258
定容,深圳市,shen1zhen4shi4,Shen1zhen4s,2060 RCP 8.5,523926758.6767684,3237432.4254178964,161.8340369248444
现状,武汉市,wu3han4shi4,Wu3han4s,2020 Baseline,28039037.09605257,1877045.6507116805,14.937855712471132
扩容,武汉市,wu3han4shi4,Wu3han4s,2040 RCP 2.6,71257422.68978098,1877045.6507116805,37.96254111495039
扩容,武汉市,wu3han4shi4,Wu3han4s,2040 RCP 4.5,50026606.64975322,1877045.6507116805,26.651779423044754
扩容,武汉市,wu3han4shi4,Wu3han4s,2040 RCP 8.5,79986039.12870094,1877045.6507116805,42.61272979608903
扩容,武汉市,wu3han4shi4,Wu3han4s,2060 RCP 2.6,97121407.06487495,1877045.6507116805,51.74163293687153
扩容,武汉市,wu3han4shi4,Wu3han4s,2060 RCP 4.5,120910337.14228882,1877045.6507116805,64.41523523759038
扩容,武汉市,wu3han4shi4,Wu3han4s,2060 RCP 8.5,184267426.74578685,1877045.6507116805,98.16885736152554
定容,武汉市,wu3han4shi4,Wu3han4s,2040 RCP 2.6,82579525.10955502,1877045.6507116805,43.994414881835745
定容,武汉市,wu3han4shi4,Wu3han4s,2040 RCP 4.5,61700612.56563159,1877045.6507116805,32.87113051418746
定容,武汉市,wu3han4shi4,Wu3han4s,2040 RCP 8.5,102123543.50514622,1877045.6507116805,54.40653159736746
定容,武汉市,wu3han4shi4,Wu3han4s,2060 RCP 2.6,127176921.09971389,1877045.6507116805,67.75377095996299
定容,武汉市,wu3han4shi4,Wu3han4s,2060 RCP 4.5,157765591.43338862,1877045.6507116805,84.04994911741859
定容,武汉市,wu3han4shi4,Wu3han4s,2060 RCP 8.5,249040525.43301693,1877045.6507116805,132.67686128922512
现状,厦门市,xia4men2shi4,Xia4men2s,2020 Baseline,9611853.890797934,581200.5213831303,16.537930605987448
扩容,厦门市,xia4men2shi4,Xia4men2s,2040 RCP 2.6,23537614.43377975,581200.5213831302,40.49826792612878
扩容,厦门市,xia4men2shi4,Xia4men2s,2040 RCP 4.5,24043301.39199234,581200.5213831303,41.36834105856364
扩容,厦门市,xia4men2shi4,Xia4men2s,2040 RCP 8.5,29705670.827494882,581200.5213831303,51.11088124422509
扩容,厦门市,xia4men2shi4,Xia4men2s,2060 RCP 2.6,32301700.19586874,581200.5213831303,55.577548552430315
扩容,厦门市,xia4men2shi4,Xia4men2s,2060 RCP 4.5,39875542.95589899,581200.5213831303,68.60892495588942
扩容,厦门市,xia4men2shi4,Xia4men2s,2060 RCP 8.5,48634074.77448445,581200.5213831303,83.6786495971235
定容,厦门市,xia4men2shi4,Xia4men2s,2040 RCP 2.6,24058847.093062643,581200.5213831302,41.3950886276011
定容,厦门市,xia4men2shi4,Xia4men2s,2040 RCP 4.5,25130380.624374334,581200.5213831303,43.23874411634992
定容,厦门市,xia4men2shi4,Xia4men2s,2040 RCP 8.5,31292978.574267227,581200.5213831303,53.84196576389294
定容,厦门市,xia4men2shi4,Xia4men2s,2060 RCP 2.6,34841162.98658558,581200.5213831303,59.94688873243131
定容,厦门市,xia4men2shi4,Xia4men2s,2060 RCP 4.5,45364412.37610775,581200.5213831303,78.05294508021149
定容,厦门市,xia4men2shi4,Xia4men2s,2060 RCP 8.5,56751683.47514104,581200.5213831303,97.64561693799659
